{
  "resnet50": {
    "coreml": {
      "batch_1": 252.93723362511537,
      "batch_16": 178.80759348907455,
      "batch_64": 157.06848683767996
    },
    "fusionml": {
      "batch_1": 929.0363832552316,
      "batch_16": 362.697457833354,
      "batch_64": 323.3553076164559
    }
  },
  "bert_base": {
    "coreml": {
      "batch_1": 0.0,
      "batch_16": 0.0,
      "batch_64": 0.0
    },
    "fusionml": {
      "batch_1": 623.8949321816308,
      "batch_16": 713.010378145513,
      "batch_64": 807.264586310788
    }
  },
  "multi_model_concurrency_sec": 0.9632722919996013
}