{
  "resnet50": {
    "coreml": {
      "batch_1": 427.98065627297683,
      "batch_16": 186.65287127932112,
      "batch_64": 197.2037965281548
    },
    "fusionml": {
      "batch_1": 642.2305469999628,
      "batch_16": 390.04114310444646,
      "batch_64": 504.4142131673834
    }
  },
  "bert_base": {
    "coreml": {
      "batch_1": 0.0,
      "batch_16": 0.0,
      "batch_64": 0.0
    },
    "fusionml": {
      "batch_1": 757.0526403095758,
      "batch_16": 770.9167514866052,
      "batch_64": 751.2627492901743
    }
  },
  "vit": {
    "coreml": {
      "batch_1": 0.0,
      "batch_16": 0.0,
      "batch_64": 0.0
    },
    "fusionml": {
      "batch_1": 595.456850257855,
      "batch_16": 636.5910713212729,
      "batch_64": 637.3905000886307
    }
  },
  "multi_model_concurrency_sec": 1.0120778330019675
}