{
  "resnet50": {
    "coreml": {
      "batch_1": 480.84917199731075,
      "batch_16": 731.5277816094703,
      "batch_64": 751.1416769571435
    },
    "fusionml": {
      "batch_1": 1147.722584929691,
      "batch_16": 1149.7998667138731,
      "batch_64": 1120.2684742929557
    }
  },
  "bert_base": {
    "coreml": {
      "batch_1": 0.0,
      "batch_16": 0.0,
      "batch_64": 0.0
    },
    "fusionml": {
      "batch_1": 539.299427618558,
      "batch_16": 344.37888867161,
      "batch_64": 502.9414379268619
    }
  },
  "vit": {
    "coreml": {
      "batch_1": 0.0,
      "batch_16": 0.0,
      "batch_64": 0.0
    },
    "fusionml": {
      "batch_1": 270.21200294385676,
      "batch_16": 266.6943011981277,
      "batch_64": 248.06359294309868
    }
  },
  "multi_model_concurrency_sec": 3.5209983329987153
}