{
  "resnet50": {
    "coreml": {
      "batch_1": 562.149096785911,
      "batch_16": 523.9965874645399,
      "batch_64": 523.4065465296952
    },
    "fusionml": {
      "batch_1": 811.1034586789797,
      "batch_16": 883.9549447259566,
      "batch_64": 868.9593648770777
    }
  },
  "bert_base": {
    "coreml": {
      "batch_1": 0.0,
      "batch_16": 0.0,
      "batch_64": 0.0
    },
    "fusionml": {
      "batch_1": 317.36088005183893,
      "batch_16": 252.7124011955841,
      "batch_64": 226.49015504560768
    }
  },
  "multi_model_concurrency_sec": 1.493324541952461
}