{
  "resnet50": {
    "coreml": {
      "batch_1": 518.4817216880115,
      "batch_16": 539.7875423905587,
      "batch_64": 509.5565913532806
    },
    "fusionml": {
      "batch_1": 981.3674358567289,
      "batch_16": 906.2446307592977,
      "batch_64": 947.4513903126528
    }
  },
  "bert_base": {
    "coreml": {
      "batch_1": 0.0,
      "batch_16": 0.0,
      "batch_64": 0.0
    },
    "fusionml": {
      "batch_1": 414.14772770615656,
      "batch_16": 307.59027436977544,
      "batch_64": 283.66037752432675
    }
  },
  "vit": {
    "coreml": {
      "batch_1": 0.0,
      "batch_16": 0.0,
      "batch_64": 0.0
    },
    "fusionml": {
      "batch_1": 292.9897616955874,
      "batch_16": 294.58145428846717,
      "batch_64": 291.95471984364195
    }
  },
  "multi_model_concurrency_sec": 1.5595367080022697
}