{
  "resnet50": {
    "coreml": {
      "batch_1": 547.1469705156594,
      "batch_16": 475.59786567890234,
      "batch_64": 598.4073248793244
    },
    "fusionml": {
      "batch_1": 66.50693916788863,
      "batch_16": 65.01522467001415,
      "batch_64": 63.62402311180607
    }
  },
  "bert_base": {
    "coreml": {
      "batch_1": 0.0,
      "batch_16": 0.0,
      "batch_64": 0.0
    },
    "fusionml": {
      "batch_1": 19.417909331953233,
      "batch_16": 16.70092494695063,
      "batch_64": 14.252803367158336
    }
  },
  "vit": {
    "coreml": {
      "batch_1": 0.0,
      "batch_16": 0.0,
      "batch_64": 0.0
    },
    "fusionml": {
      "batch_1": 26.30136407526024,
      "batch_16": 27.15855160304279,
      "batch_64": 26.607434405722202
    }
  },
  "multi_model_concurrency_sec": 1.736504958000296
}