{
  "resnet50": {
    "coreml": {
      "batch_1": 902.2963713339619,
      "batch_16": 922.5978836423371,
      "batch_64": 928.0337050241245
    },
    "fusionml": {
      "batch_1": 1663.0395946340923,
      "batch_16": 1707.8818715850507,
      "batch_64": 1695.972061179004
    }
  },
  "bert_base": {
    "coreml": {
      "batch_1": 0.0,
      "batch_16": 0.0,
      "batch_64": 0.0
    },
    "fusionml": {
      "batch_1": 954.6847971651989,
      "batch_16": 952.0977373961189,
      "batch_64": 949.1134005409884
    }
  },
  "vit": {
    "coreml": {
      "batch_1": 0.0,
      "batch_16": 0.0,
      "batch_64": 0.0
    },
    "fusionml": {
      "batch_1": 471.9637110642296,
      "batch_16": 490.0035613999571,
      "batch_64": 499.81678874547043
    }
  },
  "multi_model_concurrency_sec": 0.5840752080000016
}