{
  "resnet50": {
    "coreml": {
      "batch_1": 792.3328799604968,
      "batch_16": 1003.0441323683013,
      "batch_64": 1003.1780366708596
    },
    "fusionml": {
      "batch_1": 1747.4104537465391,
      "batch_16": 1777.8769345425735,
      "batch_64": 1796.4207272235742
    }
  },
  "bert_base": {
    "coreml": {
      "batch_1": 0.0,
      "batch_16": 0.0,
      "batch_64": 0.0
    },
    "fusionml": {
      "batch_1": 953.4388509572145,
      "batch_16": 957.852688984788,
      "batch_64": 956.4511366645522
    }
  },
  "multi_model_concurrency_sec": 0.4881548329999994
}