{
  "conv2d_B1 64->64 56sq": {
    "cpu": 1.5820000007806811,
    "gpu": 0.8766875034780242,
    "ane": 1.4075005055929068
  },
  "conv2d_B1 64->128 56sq": {
    "cpu": 3.6887499991280492,
    "gpu": 1.4461664977716282,
    "ane": 3.629771003033966
  },
  "conv2d_B1 128->256 28sq": {
    "cpu": 2.221665999968536,
    "gpu": 1.5787499978614505,
    "ane": 2.2714375008945353
  },
  "conv2d_B1 256->512 14sq": {
    "cpu": 3.876645499985898,
    "gpu": 1.7587504989933223,
    "ane": 6.205458503245609
  },
  "conv2d_B4 64->128 56sq": {
    "cpu": 13.75085399922682,
    "gpu": 2.088312503474299,
    "ane": 6.905312497110572
  },
  "bn_BN 64ch 56sq": {
    "cpu": 0.11679149611154571,
    "gpu": 0.35060400114161894,
    "ane": 1.0593750012048986
  },
  "bn_BN 128ch 28sq": {
    "cpu": 0.06735399801982567,
    "gpu": 0.3488335023575928,
    "ane": 0.683438000123715
  },
  "bn_BN 256ch 14sq": {
    "cpu": 0.043207997805438936,
    "gpu": 0.36235450170352124,
    "ane": 0.39312499939114787
  },
  "bn_BN 512ch 7sq": {
    "cpu": 0.024729000870138407,
    "gpu": 0.28258300153538585,
    "ane": 0.20797900288016535
  },
  "bn_BN B4 128ch 28sq": {
    "cpu": 0.5060415023763198,
    "gpu": 0.4279375025362242,
    "ane": 2.4715834988455754
  },
  "matmul_64x64": {
    "cpu": 0.007208000170066953,
    "gpu": 0.20822949954890646,
    "ane": 0.09375000081490725
  },
  "matmul_128x128": {
    "cpu": 0.025729499611770734,
    "gpu": 0.2821039997797925,
    "ane": 0.20518750170595013
  },
  "matmul_256x256": {
    "cpu": 0.15985399659257382,
    "gpu": 0.3751045005628839,
    "ane": 1.5371039953606669
  },
  "matmul_64x768 BERT": {
    "cpu": 0.39043799915816635,
    "gpu": 0.4632919990399387,
    "ane": 6.608124997001141
  }
}