{
  "model": "BERT-base",
  "config": {
    "B": 1,
    "L": 128,
    "D": 768,
    "H": 12,
    "D_FF": 3072
  },
  "total_ops": 72,
  "schedule": {
    "gpu": 13,
    "ane": 58,
    "cpu": 1
  },
  "latency_ms": {
    "cpu": 141.37152099283412,
    "gpu": 85.18927099794382,
    "ane": 32.88979150238447,
    "pipeline": 74.65647900244221
  },
  "speedup_vs_gpu": {
    "ane": 61.39209654326269,
    "pipeline": 12.363988882773556
  },
  "winner": "ANE"
}