{
  "system": {
    "cpu": "Apple_M1"
  },
  "results": {
    "Llama-3-8B Inference": {
      "MLX": {
        "mean": 329.17382510040625,
        "std": 2.82059239215372,
        "median": 328.7632704996213,
        "min": 324.8790840007132,
        "max": 336.662958998204
      },
      "PyTorch (MPS)": {
        "mean": 368.90861875017436,
        "std": 31.043532847142107,
        "median": 358.3258130001923,
        "min": 345.3392500014161,
        "max": 466.11350000239327
      },
      "FusionML": {
        "mean": 343.8841000499451,
        "std": 7.099069729576164,
        "median": 344.43343749990163,
        "min": 331.3874580017,
        "max": 357.29812499994296
      }
    },
    "Llama-3-8B Training": {
      "MLX": {
        "mean": 264.9544863355307,
        "std": 2.6236242106279755,
        "median": 263.34733400290133,
        "min": 262.8618750022724,
        "max": 268.6542500014184
      },
      "PyTorch (MPS)": {
        "mean": 392.8836386670203,
        "std": 7.789108080189745,
        "median": 388.30058299936354,
        "min": 386.5003749997413,
        "max": 403.8499580019561
      },
      "FusionML": {
        "mean": 3075.7009026662367,
        "std": 185.0291732640747,
        "median": 3015.5999579983472,
        "min": 2885.196167000686,
        "max": 3326.3065829996776
      }
    },
    "GPT-2 XL Inference": {
      "MLX": {
        "mean": 45.41402285012737,
        "std": 0.42999384024258525,
        "median": 45.276000500962255,
        "min": 44.910707998496946,
        "max": 46.786499999143416
      },
      "PyTorch (MPS)": {
        "mean": 45.46383335000428,
        "std": 0.4338999474284574,
        "median": 45.30116649948468,
        "min": 45.03629200189607,
        "max": 46.90150000169524
      },
      "FusionML": {
        "mean": 46.01172909988236,
        "std": 1.6462439651179852,
        "median": 45.33831199842098,
        "min": 44.49974999806727,
        "max": 50.222957997902995
      }
    },
    "GPT-2 XL Training": {
      "MLX": {
        "mean": 34.70645833416105,
        "std": 0.09489248407290198,
        "median": 34.71241599982022,
        "min": 34.58737500113784,
        "max": 34.81958400152507
      },
      "PyTorch (MPS)": {
        "mean": 43.30836100052693,
        "std": 5.274381648261725,
        "median": 39.72145800071303,
        "min": 39.43795799932559,
        "max": 50.76566700154217
      },
      "FusionML": {
        "mean": 326.79025000106776,
        "std": 7.203949643490342,
        "median": 327.6652919994376,
        "min": 317.5623330025701,
        "max": 335.1431250011956
      }
    }
  }
}