{
  "Apple M1": {
    "greedy": {
      "makespan": 17.889293987536803,
      "ratio": 1.5755534336614199,
      "counts": [
        0,
        32,
        0
      ]
    },
    "contention_greedy": {
      "makespan": 11.838522507332527,
      "ratio": 1.042647339738532,
      "counts": [
        6,
        21,
        5
      ]
    },
    "lp_rounding": {
      "makespan": 15.443145993413054,
      "ratio": 1.3601152573940547,
      "counts": [
        3,
        29,
        0
      ]
    },
    "lp_randomized": {
      "makespan": 11.237720801500473,
      "ratio": 0.9897332788911443,
      "counts": [
        7,
        20,
        5
      ]
    },
    "random": {
      "makespan": 16.216828420965612,
      "ratio": 1.4282553419688389,
      "counts": [
        9,
        17,
        6
      ]
    },
    "round_robin": {
      "makespan": 32.13306981524511,
      "ratio": 2.8300372567393026,
      "counts": [
        11,
        11,
        10
      ]
    }
  },
  "Apple M3 Pro": {
    "greedy": {
      "makespan": 8.522081014234573,
      "ratio": 1.7549892872566597,
      "counts": [
        0,
        32,
        0
      ]
    },
    "contention_greedy": {
      "makespan": 5.136914530885406,
      "ratio": 1.0578671988917576,
      "counts": [
        5,
        18,
        9
      ]
    },
    "lp_rounding": {
      "makespan": 6.672383343357069,
      "ratio": 1.3740729838758972,
      "counts": [
        4,
        25,
        3
      ]
    },
    "lp_randomized": {
      "makespan": 4.972320379874873,
      "ratio": 1.0239716079807935,
      "counts": [
        5,
        18,
        9
      ]
    },
    "random": {
      "makespan": 6.046359894298803,
      "ratio": 1.2451532464510116,
      "counts": [
        5,
        16,
        11
      ]
    },
    "round_robin": {
      "makespan": 12.821255094604567,
      "ratio": 2.6403369438323594,
      "counts": [
        11,
        11,
        10
      ]
    }
  },
  "Apple M4": {
    "greedy": {
      "makespan": 6.441747999999858,
      "ratio": 1.598563519266148,
      "counts": [
        0,
        32,
        0
      ]
    },
    "contention_greedy": {
      "makespan": 4.264900949998312,
      "ratio": 1.0583641384218987,
      "counts": [
        5,
        19,
        8
      ]
    },
    "lp_rounding": {
      "makespan": 6.441747999999858,
      "ratio": 1.598563519266148,
      "counts": [
        0,
        32,
        0
      ]
    },
    "lp_randomized": {
      "makespan": 3.964720100000041,
      "ratio": 0.9838722216332336,
      "counts": [
        6,
        18,
        8
      ]
    },
    "random": {
      "makespan": 4.98260499999903,
      "ratio": 1.2364672731550086,
      "counts": [
        7,
        17,
        8
      ]
    },
    "round_robin": {
      "makespan": 8.796203893748784,
      "ratio": 2.182837741025256,
      "counts": [
        11,
        11,
        10
      ]
    }
  },
  "Apple M4 Pro": {
    "greedy": {
      "makespan": 7.144664000001022,
      "ratio": 1.6735152504634419,
      "counts": [
        0,
        32,
        0
      ]
    },
    "contention_greedy": {
      "makespan": 4.509885281250902,
      "ratio": 1.056363433747607,
      "counts": [
        4,
        19,
        9
      ]
    },
    "lp_rounding": {
      "makespan": 6.349828800001056,
      "ratio": 1.4873387096485187,
      "counts": [
        4,
        28,
        0
      ]
    },
    "lp_randomized": {
      "makespan": 4.243578125000258,
      "ratio": 0.9939855406384365,
      "counts": [
        6,
        18,
        8
      ]
    },
    "random": {
      "makespan": 5.219813118752019,
      "ratio": 1.2226518782128026,
      "counts": [
        5,
        16,
        11
      ]
    },
    "round_robin": {
      "makespan": 10.528944518752457,
      "ratio": 2.4662250349929935,
      "counts": [
        11,
        11,
        10
      ]
    }
  }
}