{
  "benchmark_version": "2.0-unified",
  "system": {
    "cpu": "Apple M1",
    "cpu_slug": "Apple_M1",
    "memory": "8GB"
  },
  "config": {
    "llama": {
      "name": "Llama-3-8B",
      "dim": 4096,
      "ffn_dim": 14336,
      "seq_len": 1024,
      "activation": "silu",
      "bias": false,
      "lr": 0.01,
      "eps": 1e-05
    },
    "gpt2": {
      "name": "GPT-2 XL",
      "dim": 1600,
      "ffn_dim": 6400,
      "seq_len": 1024,
      "activation": "gelu",
      "bias": true,
      "lr": 0.01,
      "eps": 1e-05
    },
    "mlp": {
      "name": "Deep MLP",
      "in_dim": 4096,
      "hidden_dim": 4096,
      "out_dim": 10,
      "seq_len": 1024,
      "lr": 0.01
    }
  },
  "architecture": "Pre-LN Decoder Block (LayerNorm + residual, matches Swift)",
  "results": {
    "Llama-3-8B Inference": {
      "MLX": {
        "mean": 344.1050230001565,
        "std": 3.787948564020338,
        "median": 344.18762550194515,
        "min": 337.6149579999037,
        "max": 349.66420799901243
      },
      "PyTorch (MPS)": {
        "mean": 313.504216650108,
        "std": 1.496436872446307,
        "median": 313.00233300135005,
        "min": 311.18304200208513,
        "max": 317.5351669997326
      },
      "FusionML": {
        "mean": 343.30520414914645,
        "std": 10.77991190799504,
        "median": 339.1998750012135,
        "min": 333.7517499967362,
        "max": 365.7061249978142
      }
    },
    "Llama-3-8B Training": {
      "MLX": {
        "mean": 1054.4403250009054,
        "std": 3.4192336903053673,
        "median": 1054.9224170026719,
        "min": 1048.7845829993603,
        "max": 1058.4214159971452
      },
      "PyTorch (MPS)": {
        "mean": 1179.4384250009898,
        "std": 32.65563622499056,
        "median": 1160.1921249966836,
        "min": 1153.8453330067568,
        "max": 1239.0032920011436
      },
      "FusionML": {
        "mean": 1162.352241599001,
        "std": 26.902451514575773,
        "median": 1146.3871250016382,
        "min": 1134.5757500021136,
        "max": 1207.2732499946142
      }
    },
    "GPT-2 XL Inference": {
      "MLX": {
        "mean": 55.14246050006477,
        "std": 0.17770840031164162,
        "median": 55.12856250061304,
        "min": 54.55575000087265,
        "max": 55.40475000452716
      },
      "PyTorch (MPS)": {
        "mean": 42.991110451112036,
        "std": 0.17587871633031507,
        "median": 42.97516649967292,
        "min": 42.60770800465252,
        "max": 43.44054200191749
      },
      "FusionML": {
        "mean": 55.70158529953915,
        "std": 0.19737163139454453,
        "median": 55.669479002972366,
        "min": 55.19025000103284,
        "max": 56.0410830003093
      }
    },
    "GPT-2 XL Training": {
      "MLX": {
        "mean": 170.29138340003556,
        "std": 0.922347688415867,
        "median": 170.39533299976029,
        "min": 169.02870799822267,
        "max": 171.59245900256792
      },
      "PyTorch (MPS)": {
        "mean": 140.88650820340263,
        "std": 3.8367722267368447,
        "median": 139.83887500216952,
        "min": 136.92633300524903,
        "max": 146.3795830059098
      },
      "FusionML": {
        "mean": 191.68537520017708,
        "std": 2.244213656944086,
        "median": 190.59479200222995,
        "min": 189.15150000248104,
        "max": 195.2562499936903
      }
    },
    "MLP Inference": {
      "MLX": {
        "mean": 25.124410450735013,
        "std": 0.2140155808927089,
        "median": 25.12872900115326,
        "min": 24.61425000365125,
        "max": 25.482999997620936
      },
      "PyTorch (MPS)": {
        "mean": 23.673699950813898,
        "std": 0.21487974398531043,
        "median": 23.66685450033401,
        "min": 23.21370800200384,
        "max": 24.158416003047023
      },
      "FusionML": {
        "mean": 25.04404385035741,
        "std": 0.9319295554424648,
        "median": 25.276562497310806,
        "min": 21.263083996018395,
        "max": 25.920458996552043
      }
    },
    "MLP Training": {
      "MLX": {
        "mean": 50.57030860334635,
        "std": 0.09725250116026965,
        "median": 50.61125000065658,
        "min": 50.396042002830654,
        "max": 50.664042006246746
      },
      "PyTorch (MPS)": {
        "mean": 49.93634159764042,
        "std": 0.16896951664674573,
        "median": 49.95324999617878,
        "min": 49.67837499862071,
        "max": 50.17612499796087
      },
      "FusionML": {
        "mean": 64.04278339905431,
        "std": 1.148245955741851,
        "median": 63.438292003411334,
        "min": 62.643874996865634,
        "max": 65.76800000038929
      }
    }
  }
}