{
  "benchmark_version" : "2.0-unified",
  "results" : {
    "gpt2_inference" : {
      "speedup" : 1.462660632131183,
      "cpu_ms" : 147.60231971740723,
      "gpu_ms" : 85.52666505177815,
      "smart_ms" : 58.47334861755371
    },
    "mlp_training" : {
      "speedup" : 1.2487149981322743,
      "cpu_ms" : 192.9870049158732,
      "gpu_ms" : 151.69636408487955,
      "smart_ms" : 121.48197491963704
    },
    "matmul_1024" : {
      "smart2_ms" : 1.2768030166625977,
      "cpu_ms" : 2.1172046661376953,
      "gpu_ms" : 3.7425994873046875,
      "smart3_ms" : 6.507396697998047
    },
    "llama_inference" : {
      "speedup" : 1.355857171783096,
      "smart_ms" : 313.79902362823486,
      "cpu_ms" : 872.1239964167277,
      "gpu_ms" : 425.4666566848755
    },
    "llama_training" : {
      "speedup" : 1.2202307243196417,
      "cpu_ms" : 5717.316667238872,
      "gpu_ms" : 3386.066675186157,
      "smart_ms" : 2774.939695994059
    },
    "mlp_inference" : {
      "speedup" : 1.4244846000024283,
      "cpu_ms" : 50.9336789449056,
      "gpu_ms" : 32.637317975362144,
      "smart_ms" : 22.911667823791504
    },
    "matmul_2048" : {
      "smart3_ms" : 34.218621253967285,
      "cpu_ms" : 20.30940055847168,
      "gpu_ms" : 13.062000274658203,
      "smart2_ms" : 8.111190795898438
    },
    "matmul_512" : {
      "smart3_ms" : 6.428003311157227,
      "gpu_ms" : 1.246786117553711,
      "cpu_ms" : 0.22361278533935547,
      "smart2_ms" : 0.6412029266357422
    },
    "gpt2_training" : {
      "speedup" : 1.2998810462304,
      "cpu_ms" : 440.36634763081867,
      "gpu_ms" : 341.4306640625,
      "smart_ms" : 262.66300678253174
    }
  },
  "system" : {
    "memory" : "8GB",
    "cpu" : "Apple M1",
    "cpu_slug" : "Apple_M1"
  }
}